Years,Dates Redone,Month Number,Date,CHOLOLO,EAST_RESERVE,WEST_RESERVE,DOLDOL,Biomass.new
1984,May,5,1984-05-01,32.92947916666666,-,,-,32.92947916666666
1984,Jun,6,1984-06-01,,-,,-,27.86
1984,Jul,7,1984-07-01,13.44234375,-,,-,13.44234375
1984,Aug,8,1984-08-01,,-,,-,37.314
1984,Sep,9,1984-09-01,,-,,-,38.455
1984,Oct,10,1984-10-01,14.2359375,-,10.532499999999999,-,12.384218749999999
1984,Nov,11,1984-11-01,22.96546875,-,,-,22.96546875
1984,Dec,12,1984-12-01,38.74916666666667,-,,-,38.74916666666667
1985,Jan,1,1985-01-01,29.57875,-,31.342291666666664,-,30.460520833333334
1985,Feb,2,1985-02-01,,-,,-,41.063
1985,Mar,3,1985-03-01,17.14578125,-,21.466458333333332,-,19.306119791666667
1985,Apr,4,1985-04-01,,-,,-,57.428200000000004
1985,May,5,1985-05-01,74.54906249999999,-,87.51109375,-,81.03007812499999
1985,Jun,6,1985-06-01,,-,,-,59.6287
1985,Jul,7,1985-07-01,,-,,-,56.6132
1985,Aug,8,1985-08-01,,-,,-,43.3124
1985,Sep,9,1985-09-01,44.127968749999994,-,47.566875,-,45.847421874999995
1985,Oct,10,1985-10-01,,-,,-,40.8185
1985,Nov,11,1985-11-01,,-,,-,36.1241
1985,Dec,12,1985-12-01,22.7009375,-,26.933437499999997,-,24.817187499999996
1986,Jan,1,1986-01-01,20.84921875,-,21.11375,-,20.981484375
1986,Feb,2,1986-02-01,,-,,-,33.0923
1986,Mar,3,1986-03-01,15.294062499999999,-,12.296041666666667,-,13.795052083333333
1986,Apr,4,1986-04-01,15.2940625,-,18.821145833333333,-,17.057604166666668
1986,May,5,1986-05-01,,-,,-,70.1259
1986,Jun,6,1986-06-01,45.71515625,-,108.23270833333333,-,76.97393229166667
1986,Jul,7,1986-07-01,82.22046875,-,90.94999999999999,-,86.585234375
1986,Aug,8,1986-08-01,,-,,-,72.09819999999999
1986,Sep,9,1986-09-01,57.883593749999996,-,64.84958333333333,-,61.36658854166666
1986,Oct,10,1986-10-01,36.19203125,-,57.97177083333333,-,47.08190104166667
1986,Nov,11,1986-11-01,,-,,-,39.596000000000004
1986,Dec,12,1986-12-01,64.23234375,-,74.02,-,69.126171875
1987,Jan,1,1987-01-01,,-,,-,59.51
1987,Feb,2,1987-02-01,54.70921874999999,-,54.797395833333326,-,54.75330729166666
1987,Mar,3,1987-03-01,48.0959375,-,53.033854166666664,-,50.56489583333333
1987,Apr,4,1987-04-01,,-,,-,36.205600000000004
1987,May,5,1987-05-01,31.959531249999998,-,43.334375,-,37.646953124999996
1987,Jun,6,1987-06-01,141.74,-,77.89979166666666,-,109.81989583333333
1987,Jul,7,1987-07-01,,-,,-,64.6002
1987,Aug,8,1987-08-01,104.97015625,-,39.6309375,-,72.30054687500001
1987,Sep,9,1987-09-01,97.03421875000001,-,25.8753125,-,61.45476562500001
1987,Oct,10,1987-10-01,,-,,-,29.701900000000002
1987,Nov,11,1987-11-01,55.23828125,-,19.5265625,-,37.382421875
1987,Dec,12,1987-12-01,,-,,-,27.3221
1988,Jan,1,1988-01-01,33.017656249999995,-,11.237916666666669,-,22.127786458333333
1988,Feb,2,1988-02-01,,-,,-,27.3221
1988,Mar,3,1988-03-01,,-,,-,32.424
1988,Apr,4,1988-04-01,,-,,-,70.9898
1988,May,5,1988-05-01,,-,,-,75.1463
1988,Jun,6,1988-06-01,80.63328125,62.9096875,60.264375,-,67.93578125
1988,Jul,7,1988-07-01,95.97609374999999,33.81125,47.39052083333333,-,59.05928819444444
1988,Aug,8,1988-08-01,,,,-,57.9009
1988,Sep,9,1988-09-01,227.9771875,,79.8396875,-,153.9084375
1988,Oct,10,1988-10-01,,,,-,70.4356
1988,Nov,11,1988-11-01,204.96296875000002,34.869375,61.3225,-,100.38494791666666
1988,Dec,12,1988-12-01,85.659375,33.2821875,47.0378125,-,55.326458333333335
1989,Jan,1,1989-01-31,,,,-,53.3206
1989,Feb,2,1989-02-01,138.30109375,49.683125,42.099895833333335,-,76.6947048611111
1989,Mar,3,1989-03-01,99.67953125,27.9915625,41.57083333333333,-,56.413975694444446
1989,Apr,4,1989-04-01,,,,-,52.7827
1989,May,5,1989-05-01,174.541875,86.7175,84.95395833333332,-,115.40444444444444
1989,Jun,6,1989-06-01,127.4553125,73.4909375,56.38458333333333,-,85.77694444444445
1989,Jul,7,1989-07-01,114.7578125,85.1303125,51.667109374999995,-,83.85174479166666
1989,Aug,8,1989-08-01,,,,-,78.84
1989,Sep,9,1989-09-01,81.9559375,48.0959375,29.402395833333333,-,53.15142361111111
1989,Oct,10,1989-10-01,61.587031249999995,27.9915625,23.053645833333334,-,37.54407986111111
1989,Nov,11,1989-11-01,82.48499999999999,33.2821875,50.2121875,-,55.32645833333333
1989,Dec,12,1989-12-01,,,,-,65.8064
1990,Jan,1,1990-01-01,56.82546875,61.8515625,53.3865625,-,57.35453125
1990,Feb,2,1990-02-01,44.480677083333326,46.0855,36.19203125,-,42.25273611111111
1990,Mar,3,1990-03-01,34.208046874999994,,28.388359375,-,31.298203124999997
1990,Apr,4,1990-04-01,54.70921875,63.174218749999994,43.334374999999994,-,53.73927083333333
1990,May,5,1990-05-01,68.46484375,54.4446875,72.4328125,-,65.11411458333333
1990,Jun,6,1990-06-01,95.1825,45.133187500000005,55.5028125,-,65.27283333333334
1990,Jul,7,1990-07-01,,,,-,59.041900000000005
1990,Aug,8,1990-08-01,48.88953125,31.271749999999997,34.07578125,-,38.07902083333334
1990,Sep,9,1990-09-01,38.04375,26.19275,18.4684375,-,27.5683125
1990,Oct,10,1990-10-01,34.869375,19.420749999999998,20.5846875,-,24.95827083333333
1990,Nov,11,1990-11-01,72.4328125,41.852999999999994,36.985625,-,50.4238125
1990,Dec,12,1990-12-01,46.50874999999999,41.9588125,42.27625,-,43.58127083333333
1991,Jan,1,1991-01-01,,,,-,46.3279
1991,Feb,2,1991-02-01,30.90140625,24.8171875,22.43640625,-,26.051666666666666
1991,Mar,3,1991-03-01,33.2821875,29.049687499999997,22.171875,-,28.167916666666667
1991,Apr,4,1991-04-01,66.0840625,32.753125,39.10187499999999,-,45.97968749999999
1991,May,5,1991-05-01,56.29640625,18.997500000000002,26.933437499999997,-,34.07578125
1991,Jun,6,1991-06-01,43.06984375,16.669625000000003,21.6428125,-,27.127427083333334
1991,Jul,7,1991-07-01,39.168007812499994,20.00271875,17.2119140625,-,25.460880208333332
1991,Aug,8,1991-08-01,19.844,14.659187500000002,12.437125,-,15.646770833333335
1991,Sep,9,1991-09-01,,,,-,42.3344
1991,Oct,10,1991-10-01,19.473656249999998,13.9396625,8.36334375,-,13.925554166666666
1991,Nov,11,1991-11-01,19.91454166666667,21.565216666666664,11.237916666666667,-,17.572558333333333
1991,Dec,12,1991-12-01,,,,-,36.173
1992,Jan,1,1992-01-01,23.512166666666666,11.971549999999999,15.399874999999998,-,16.96119722222222
1992,Feb,2,1992-02-01,,,,-,30.1583
1992,Mar,3,1992-03-01,13.001458333333332,9.93995,8.980583333333332,-,10.640663888888888
1992,Apr,4,1992-04-01,28.520625000000003,11.858683333333332,19.561833333333333,-,19.980380555555556
1992,May,5,1992-05-01,20.26725,13.072,11.308458333333334,-,14.882569444444444
1992,Jun,6,1992-06-01,,,,-,43.442800000000005
1992,Jul,7,1992-07-01,14.764999999999999,10.306766666666666,8.204625,-,11.092130555555556
1992,Aug,8,1992-08-01,24.49975,12.16906666666667,12.366583333333333,-,16.345133333333333
1992,Sep,9,1992-09-01,,,,-,33.4998
1992,Oct,10,1992-10-01,20.549416666666666,9.742433333333334,9.192208333333333,-,13.161352777777779
1992,Nov,11,1992-11-01,,,,-,42.2692
1992,Dec,12,1992-12-01,13.49525,14.144233333333336,9.686,-,12.44182777777778
1993,Jan,1,1993-01-01,55.608624999999996,57.54146666666666,119.58991666666668,-,77.58000277777778
1993,Feb,2,1993-02-01,,,,-,62.46490000000001
1993,Mar,3,1993-03-01,55.397000000000006,58.275099999999995,44.32195833333333,-,52.66468611111111
1993,Apr,4,1993-04-01,,,,-,53.7607
1993,May,5,1993-05-01,61.181416666666664,40.75255,34.37558333333333,-,45.43651666666667
1993,Jun,6,1993-06-01,78.53466666666667,47.32703333333333,45.09791666666666,-,56.98653888888888
1993,Jul,7,1993-07-01,,,,-,59.449400000000004
1993,Aug,8,1993-08-01,58.218666666666664,55.84846666666666,28.379541666666668,-,47.48222499999999
1993,Sep,9,1993-09-01,,,,-,32.6522
1993,Oct,10,1993-10-01,32.329875,20.916233333333334,17.163416666666667,-,23.469841666666667
1993,Nov,11,1993-11-01,,,,-,29.7997
1993,Dec,12,1993-12-01,47.00254166666666,38.52343333333333,37.6205,-,41.048824999999994
1994,Jan,1,1994-01-01,19.702916666666667,18.884633333333333,9.051124999999999,-,15.879558333333334
1994,Feb,2,1994-02-01,24.49975,16.754275,9.5801875,-,16.9447375
1994,Mar,3,1994-03-01,33.599624999999996,23.272325,11.590625,-,22.820858333333334
1994,Apr,4,1994-04-01,19.844,18.74355,13.706875,-,17.431475000000002
1994,May,5,1994-05-01,34.022875,51.206825,63.967812499999994,-,49.73250416666667
1994,Jun,6,1994-06-01,37.9379375,51.884024999999994,52.645875,-,47.489279166666655
1994,Jul,7,1994-07-01,76.347875,51.37612499999999,45.66224999999999,-,57.79541666666666
1994,Aug,8,1994-08-01,38.1495625,28.393649999999997,25.981125000000002,-,30.841445833333335
1994,Sep,9,1994-09-01,46.826187499999996,24.2458,35.927499999999995,-,35.66649583333333
1994,Oct,10,1994-10-01,28.838062499999996,21.537,16.88125,-,22.418770833333337
1994,Nov,11,1994-11-01,34.1286875,39.27117499999999,49.57731249999999,-,40.992391666666656
1994,Dec,12,1994-12-01,61.6399375,61.534124999999996,94.2301875,-,72.46808333333333
1995,Jan,1,1995-01-01,44.2866875,43.842274999999994,57.830687499999996,-,48.65321666666667
1995,Feb,2,1995-02-01,34.1286875,37.28189999999999,38.3611875,-,36.59059166666666
1995,Mar,3,1995-03-01,40.794875,32.96475,42.064625,-,38.60808333333333
1995,Apr,4,1995-04-01,55.7144375,50.191024999999996,37.0914375,-,47.665633333333325
1995,May,5,1995-05-01,75.28975,68.81402499999999,56.560937499999994,-,66.88823749999999
1995,Jun,6,1995-06-01,75.501375,51.545425,41.218125,-,56.08830833333334
1995,Jul,7,1995-07-01,62.59224999999999,43.503675,44.2866875,-,50.127537499999995
1995,Aug,8,1995-08-01,47.35525,29.40945,28.8380625,-,35.200920833333335
1995,Sep,9,1995-09-01,37.303062499999996,22.679775,28.943875,-,29.642237499999997
1995,Oct,10,1995-10-01,25.8753125,32.964749999999995,30.213625,-,29.6845625
1995,Nov,11,1995-11-01,89.25699999999999,59.96809999999999,44.3925,-,64.5392
1995,Dec,12,1995-12-01,82.48499999999999,54.29655,63.65037499999999,-,66.81064166666665
1996,Jan,1,1996-01-01,23.229999999999997,29.070849999999997,28.732250000000004,-,27.011033333333334
1996,Feb,2,1996-02-01,18.8916875,19.378425,19.06804166666667,-,19.112718055555558
1996,Mar,3,1996-03-01,,,,-,31.935000000000002
1996,Apr,4,1996-04-01,27.4625,41.175799999999995,24.00595833333333,-,30.881419444444436
1996,May,5,1996-05-01,18.362625,13.749199999999998,15.964208333333334,-,16.025344444444443
1996,Jun,6,1996-06-01,39.101875,40.117675,29.014416666666666,-,36.07798888888889
1996,Jul,7,1996-07-01,44.180875,32.329875,33.67016666666666,-,36.72697222222222
1996,Aug,8,1996-08-01,47.672687499999995,53.323074999999996,42.20570833333333,-,47.7338236111111
1996,Sep,9,1996-09-01,40.794875,33.345675,24.781916666666664,-,32.97415555555555
1996,Oct,10,1996-10-01,34.446124999999995,18.531924999999998,11.167375,-,21.38180833333333
1996,Nov,11,1996-11-01,,,,-,35.1461
1996,Dec,12,1996-12-01,34.65775,34.31914999999999,32.04770833333333,-,33.67486944444445
1997,Jan,1,1997-01-01,16.3521875,20.902125,17.092875000000003,-,18.115729166666668
1997,Feb,2,1997-02-01,21.11375,16.246375,19.138583333333333,-,18.832902777777775
1997,Mar,3,1997-03-01,13.495249999999999,19.039825,10.814666666666668,-,14.449913888888888
1997,Apr,4,1997-04-01,20.161437499999998,35.821687499999996,24.923,-,26.96870833333333
1997,May,5,1997-05-01,,,,-,76.28730000000002
1997,Jun,6,1997-06-01,63.5445625,71.90374999999999,48.836625,-,56.67
1997,Jul,7,1997-07-01,56.560937499999994,36.30842500000001,36.774,-,43.21445416666666
1997,Aug,8,1997-08-01,51.799375,86.33657499999998,53.13966666666666,-,63.758538888888886
1997,Sep,9,1997-09-01,42.487874999999995,29.959674999999997,23.51216666666667,-,31.98657222222222
1997,Oct,10,1997-10-01,62.69806249999999,39.609775,33.74070833333333,-,42.17
1997,Nov,11,1997-11-01,53.70399999999999,38.678625,24.288125,-,38.89025
1997,Dec,12,1997-12-01,75.3955625,71.05725,82.13229166666666,-,76.19503472222222
1998,Jan,1,1998-01-01,172.84887500000002,126.24905000000001,127.42004166666668,-,142.17265555555556
1998,Feb,2,1998-02-01,140.3644375,123.27571875,157.0828125,-,140.24098958333335
1998,Mar,3,1998-03-01,264.58831250000003,150.8822,144.42058333333333,-,186.63036527777777
1998,Apr,4,1998-04-01,132.5343125,125.06395,87.21129166666668,-,114.93651805555557
1998,May,5,1998-05-01,174.965125,131.624325,146.39575,-,150.99506666666665
1998,Jun,6,1998-06-01,203.746125,92.72765,105.62266666666666,-,134.03214722222222
1998,Jul,7,1998-07-01,262.4720625,198.19096875,173.55429166666667,-,211.40577430555558
1998,Aug,8,1998-08-01,273.794,126.03742499999998,139.34158333333332,-,179.7243361111111
1998,Sep,9,1998-09-01,216.866875,81.426875,89.82133333333333,-,129.37169444444444
1998,Oct,10,1998-10-01,136.1319375,49.005925000000005,68.65883333333333,-,84.59889861111111
1998,Nov,11,1998-11-01,126.1855625,43.20739999999999,55.11483333333333,-,74.83593194444445
1998,Dec,12,1998-12-01,110.84275,36.2661,49.54204166666667,-,65.55029722222223
1999,Jan,1,1999-01-01,61.110875,42.911125,31.187099999999997,-,45.06969999999999
1999,Feb,2,1999-02-01,72.64443750000001,51.24915,36.604699999999994,-,53.499429166666665
1999,Mar,3,1999-03-01,60.5818125,38.04375,89.257,-,62.627520833333335
1999,Apr,4,1999-04-01,172.21400000000003,77.65995,116.42965,-,122.1012
1999,May,5,1999-05-01,136.661,48.921274999999994,42.530199999999994,-,76.03749166666665
1999,Jun,6,1999-06-01,59.84112499999999,33.86415625,62.803875000000005,-,52.169718749999994
1999,Jul,7,1999-07-01,80.36875,33.98760416666667,50.191024999999996,29.790375,48.58443854166667
1999,Aug,8,1999-08-01,44.92156249999999,45.69752083333333,33.430324999999996,52.36370833333333,44.10327916666666
1999,Sep,9,1999-09-01,94.75925,30.460520833333334,70.1261,25.34625,55.17303020833333
1999,Oct,10,1999-10-01,27.9915625,30.002,26.615999999999996,29.43766666666667,28.511807291666667
1999,Nov,11,1999-11-01,55.50281249999999,23.51216666666667,34.0652,24.429208333333335,34.377346875
1999,Dec,12,1999-12-01,57.724875,47.0378125,42.403225,47.14362499999999,48.577384374999994
2000,Jan,1,2000-01-01,77.0885625,32.54149999999999,55.39699999999999,34.516666666666666,49.88593229166666
2000,Feb,2,2000-02-01,26.827624999999998,19.420749999999998,25.811825000000006,20.5846875,23.161221875000003
2000,Mar,3,2000-03-01,18.8916875,15.272900000000002,14.426400000000001,15.823125000000001,16.103528125
2000,Apr,4,2000-04-01,29.261312500000003,21.995520833333334,22.341175000000003,18.785875,23.095970833333336
2000,May,5,2000-05-01,32.329875,21.96025,23.949525,14.05958333333333,23.074808333333337
2000,Jun,6,2000-06-01,56.031875,15.999479166666669,21.833274999999997,15.329333333333333,27.298490625000003
2000,Jul,7,2000-07-01,20.902124999999998,14.05958333333333,14.976624999999999,13.9185,15.964208333333332
2000,Aug,8,2000-08-01,23.7590625,21.6428125,22.256525,14.623916666666666,20.57057916666667
2000,Sep,9,2000-09-01,34.446125,17.375041666666664,17.431475,14.130125,20.845691666666667
2000,Oct,10,2000-10-01,30.1078125,22.46815,18.57425,13.424708333333333,21.143730208333334
2000,Nov,11,2000-11-01,37.62049999999999,25.028812499999997,12.2255,32.400416666666665,26.818807291666666
2000,Dec,12,2000-12-01,42.5936875,29.578749999999996,29.621075,37.937937500000004,34.9328625
2001,Jan,1,2001-01-01,73.17349999999999,40.75960416666666,58.994625,41.006499999999996,53.48355729166666
2001,Feb,2,2001-02-01,68.2003125,35.57479166666666,41.260450000000006,25.698958333333334,42.683628125
2001,Mar,3,2001-03-01,48.5191875,28.450083333333335,41.937650000000005,30.072541666666666,37.244865625
2001,Apr,4,2001-04-01,30.107812499999998,37.23252083333333,32.3722,38.325916666666664,34.5096125
2001,May,5,2001-05-01,44.709937499999995,39.3135,48.62499999999999,28.308999999999997,40.239359375
2001,Jun,6,2001-06-01,47.2494375,22.03079166666667,30.975475,36.06858333333333,34.081071875
2001,Jul,7,2001-07-01,31.060125,21.113750000000003,35.080999999999996,25.134625,28.097375
2001,Aug,8,2001-08-01,40.794875,19.844,32.837775,26.785299999999996,30.0654875
2001,Sep,9,2001-09-01,29.367125,14.934299999999999,32.583825,26.150424999999995,25.75891875
2001,Oct,10,2001-10-01,25.8753125,16.7754375,23.48395,28.986199999999997,23.780225
2001,Nov,11,2001-11-01,33.599625,26.150424999999995,32.414525,43.37669999999999,33.885318749999996
2001,Dec,12,2001-12-01,38.890249999999995,30.037270833333338,38.340025000000004,44.3925,37.91501145833334
2002,Jan,1,2002-01-01,37.832125,26.369104166666663,27.081574999999997,43.37669999999999,33.664876041666666
2002,Feb,2,2002-02-01,26.19275,19.91454166666667,26.023449999999997,31.483374999999995,25.903529166666665
2002,Mar,3,2002-03-01,33.4938125,31.553916666666666,30.340600000000002,45.789225,35.29438854166666
2002,Apr,4,2002-04-01,62.59225,34.2345,51.3338,70.05203125,54.5531453125
2002,May,5,2002-05-01,49.683125,80.86254166666666,89.68024999999999,90.569075,77.69874791666666
2002,Jun,6,2002-06-01,80.8978125,53.87329999999999,74.18930000000002,74.57022500000001,70.882659375
2002,Jul,7,2002-07-01,53.915625,51.884024999999994,72.20002500000001,59.15334375,59.2882546875
2002,Aug,8,2002-08-01,55.9260625,36.38602083333333,54.3812,43.45530357142858,47.53714672619048
2002,Sep,9,2002-09-01,55.39699999999999,27.335524999999997,52.349599999999995,34.022875,42.27624999999999
2002,Oct,10,2002-10-01,44.2866875,23.356975,29.451775000000005,36.774,33.467359375
2002,Nov,11,2002-11-01,59.312062499999996,45.450625,42.487874999999995,75.1839375,55.608625
2002,Dec,12,2002-12-01,64.8143125,67.45962499999999,83.20452499999999,100.97573437500002,79.11354921875
2003,Jan,1,2003-01-01,69.2584375,65.89359999999999,56.963024999999995,92.140390625,71.06386328125
2003,Feb,2,2003-02-01,87.564,50.148700000000005,67.121025,68.914546875,68.43706796875
2003,Mar,3,2003-03-01,59.62949999999999,29.24015,60.6453,33.097015625000004,45.65299140625
2003,Apr,4,2003-04-01,103.85912499999999,26.912275,57.724875,47.56687499999999,59.015787499999995
2003,May,5,2003-05-01,66.9305625,70.38005,65.97824999999999,86.05617187499999,72.33625859374999
2003,Jun,6,2003-06-01,116.66243750000001,82.52732499999999,91.838825,98.54204687500001,97.39265859375001
2003,Jul,7,2003-07-01,135.17962500000002,43.842275,68.390775,53.677546875000004,75.27255546875001
2003,Aug,8,2003-08-01,137.08425000000003,44.265525000000004,90.2728,39.04896874999999,77.6678859375
2003,Sep,9,2003-09-01,92.32556249999999,40.033024999999995,101.53125,38.89025,68.195021875
2003,Oct,10,2003-10-01,97.4045625,28.012725,54.973749999999995,33.33509375,53.431532812499995
2003,Nov,11,2003-11-01,82.1675625,42.62895833333334,40.625575,51.34589285714286,54.191997172619054
2003,Dec,12,2003-12-01,109.14975,32.499175,89.38397499999999,34.1286875,66.290396875
2004,Jan,1,2004-01-01,102.6951875,34.0652,84.8552,42.064625,65.920053125
2004,Feb,2,2004-02-01,64.6026875,34.0652,43.89870833333333,46.693921875,47.315129427083335
2004,Mar,3,2004-03-01,63.121312499999995,29.07085,38.467,29.737468749999998,40.099157812499996
2004,Apr,4,2004-04-01,106.61025,48.878949999999996,58.94171875,62.35417187499999,69.19627265624999
2004,May,5,2004-05-01,,45.71515624999999,,47.59332812499999,46.65424218749999
2004,Jun,6,2004-06-01,56.2435,20.26725,36.915083333333335,26.034031249999998,34.864966145833336
2004,Jul,7,2004-07-01,59.417874999999995,29.367124999999998,33.63489583333333,31.99732142857143,38.60430431547619
2004,Aug,8,2004-08-01,43.969249999999995,45.30954166666666,,48.466281249999994,45.91502430555554
2004,Sep,9,2004-09-01,49.683125,24.711374999999997,27.039249999999996,25.588107142857144,31.755464285714282
2004,Oct,10,2004-10-01,45.027375,26.9546,25.27570833333333,25.425609374999997,30.67082317708333
2004,Nov,11,2004-11-01,99.203375,43.069843750000004,44.35722916666666,68.54798214285714,63.79460751488095
2004,Dec,12,2004-12-01,87.2465625,67.19509375,62.76860416666667,80.76176785714286,74.49300706845239
2005,Jan,1,2005-01-01,53.598187499999995,39.472218749999996,46.05022916666666,54.006321428571425,48.28173921130952
2005,Feb,2,2005-02-01,58.35975,36.8798125,50.84706249999999,46.931999999999995,48.25465625
2005,Mar,3,2005-03-01,63.756187499999996,35.3984375,46.438208333333336,41.580910714285714,46.79343601190476
2005,Apr,4,2005-04-01,48.413375,32.964749999999995,31.730270833333332,41.15766071428571,38.56651413690476
2005,May,5,2005-05-01,61.428312500000004,37.35596875,41.50029166666667,44.725053571428575,46.25240662202381
2005,Jun,6,2005-06-01,76.8769375,33.176375,55.52397499999999,37.832125,50.852353125
2005,Jul,7,2005-07-01,70.422375,27.180333333333333,51.12217499999999,28.816900000000004,44.385445833333335
2005,Aug,8,2005-08-01,66.9305625,25.346249999999998,40.92184999999999,22.891399999999997,39.022515625
2005,Sep,9,2005-09-01,74.54906249999999,26.616,39.2076875,29.197825,42.39264375
2005,Oct,10,2005-10-01,60.052749999999996,26.19275,34.92228125,24.796025,36.4909515625
2005,Nov,11,2005-11-01,51.9051875,18.43316666666667,32.48859375,22.171875,31.249705729166664
2005,Dec,12,2005-12-01,,,,,34.5919
2006,Jan,1,2006-01-01,61.4283125,23.582708333333333,23.70615625,30.890825,34.90200052083333
2006,Feb,2,2006-02-01,69.20553124999999,17.939375,24.570291666666666,18.453321428571428,32.54212983630952
2006,Mar,3,2006-03-01,43.54599999999999,21.16665625,22.262571428571427,20.871892857142857,26.96178013392857
2006,Apr,4,2006-04-01,51.799375,27.515406249999998,28.273729166666666,36.622839285714285,36.052837425595236
2006,May,5,2006-05-01,60.105656249999996,20.95503125,21.0079375,22.806749999999997,31.218843749999998
2006,Jun,6,2006-06-01,62.43353125,21.16665625,26.615999999999996,18.27192857142857,32.122029017857145
2006,Jul,7,2006-07-01,48.0959375,18.891687500000003,12.613479166666666,14.039428571428573,23.41013318452381
2006,Aug,8,2006-08-01,49.894749999999995,21.4311875,17.84867857142857,19.42075,27.148841517857143
2006,Sep,9,2006-09-01,60.476,17.516125,18.816107142857142,16.57892857142857,28.346790178571432
2006,Oct,10,2006-10-01,50.741249999999994,15.18825,13.565791666666668,15.490571428571428,23.746465773809522
2006,Nov,11,2006-11-01,76.13625,42.27625,40.734410714285715,59.90158928571429,54.762125
2006,Dec,12,2006-12-01,,,,,66.20575
2007,Jan,1,2007-01-01,218.34825,142.11034375,112.26366071428572,169.5838035714286,160.57651450892857
2007,Feb,2,2007-02-01,91.37325,73.64965625,56.36442857142857,73.35489285714286,73.68555691964286
2007,Mar,3,2007-03-01,135.65578125000002,80.63328125000001,62.01783928571429,71.63166071428572,87.48464062500001
2007,Apr,4,2007-04-01,103.36533333333334,60.687625,100.34615,58.93416071428571,80.83331726190475
2007,May,5,2007-05-01,110.27841666666666,62.85678125,95.1825,70.87585714285713,84.79838876488094
2007,Jun,6,2007-06-01,85.87099999999998,44.2866875,61.74575000000001,40.61348214285714,58.12922991071429
2007,Jul,7,2007-07-01,81.21525,43.59890625,90.0430357142857,48.08082142857142,65.73450334821428
2007,Aug,8,2007-08-01,94.0185625,46.6145625,50.60016666666667,52.28308928571427,60.87909523809523
2007,Sep,9,2007-09-01,93.22496875000002,52.38134375,54.973749999999995,40.09953571428571,60.169899553571426
2007,Oct,10,2007-10-01,115.44559375,52.063906249999995,49.64785416666666,43.21344642857143,65.09270014880953
2007,Nov,11,2007-11-01,93.98329166666667,36.0333125,43.58127083333333,34.29496428571428,51.97320982142857
2007,Dec,12,2007-12-01,,,,,43.09235
2008,Jan,1,2008-01-01,89.68024999999999,31.43046875,58.269053571428564,42.97158928571428,55.58784040178571
2008,Feb,2,2008-02-01,68.04159374999999,27.03925,35.68060416666666,30.878732142857142,40.41004501488094
2008,Mar,3,2008-03-01,54.8679375,26.668906250000003,32.0124375,25.950892857142858,34.87504352678572
2008,Apr,4,2008-04-01,42.55841666666666,32.012437500000004,27.533041666666673,34.869375,34.243317708333336
2008,May,5,2008-05-01,58.94171874999999,26.192749999999997,22.136604166666668,23.10907142857143,32.59503608630953
2008,Jun,6,2008-06-01,57.724875,25.7695,25.628416666666666,28.671785714285715,34.448644345238094
2008,Jul,7,2008-07-01,46.98490625,22.33059375,24.499749999999995,23.471857142857143,29.321776785714285
2008,Aug,8,2008-08-01,39.595666666666666,23.70615625,24.59044642857143,19.99516071428571,26.971857514880952
2008,Sep,9,2008-09-01,34.65774999999999,24.55265625,20.937395833333333,25.10439285714286,26.313048735119043
2008,Oct,10,2008-10-01,39.89546875,21.113749999999996,22.92767857142857,30.606642857142862,28.635885044642855
2008,Nov,11,2008-11-01,64.86721874999999,40.4774375,40.61348214285714,52.79703571428571,49.6887935267857
2008,Dec,12,2008-12-01,,,,,60.6393
2009,Jan,1,2009-01-01,49.40095833333333,35.23971875,29.064803571428573,37.922821428571424,37.90707552083333
2009,Feb,2,2009-02-01,60.84634374999999,28.097375000000003,34.50658928571428,28.67178571428571,38.030523437499994
2009,Mar,3,2009-03-01,44.604124999999996,17.4103125,21.607541666666666,22.413732142857146,26.50892782738095
2009,Apr,4,2009-04-01,35.98040625,15.558593749999998,18.9975,19.662607142857144,22.549776785714286
2009,May,5,2009-05-01,46.932,13.971406249999998,18.43316666666667,24.31835714285714,25.91373251488095
2009,Jun,6,2009-06-01,40.794875,13.283625,21.607541666666666,15.853357142857144,22.884849702380954
2009,Jul,7,2009-07-01,28.36190625,18.362624999999998,18.009916666666665,14.85569642857143,19.897536086309525
2009,Aug,8,2009-08-01,33.81125,12.3313125,17.516125000000002,13.948732142857141,19.401854910714285
2009,Sep,9,2009-09-01,21.219562500000002,12.38421875,13.777416666666667,14.523142857142856,15.476085193452382
2009,Oct,10,2009-10-01,34.2345,11.749343750000001,16.563812499999997,12.527821428571428,18.768869419642854
2009,Nov,11,2009-11-01,47.2494375,20.055625,27.145062499999998,34.71821428571428,32.29208482142857
2009,Dec,12,2009-12-01,,,,,42.9375
2010,Jan,1,2010-01-01,35.821687499999996,27.779937500000003,32.25933333333332,33.50892857142857,32.34247172619047
2010,Feb,2,2010-02-01,37.26779166666666,28.04446875,33.52908333333333,33.025214285714284,32.966639508928566
2010,Mar,3,2010-03-01,50.106375,38.149562499999995,33.660089285714285,42.39717857142857,41.078301339285716
2010,Apr,4,2010-04-01,47.7785,40.58325,35.83680357142857,53.734232142857145,44.483196428571425
2010,May,5,2010-05-01,82.3791875,63.38584374999999,74.5037142857143,81.03385714285714,75.32565066964285
2010,Jun,6,2010-06-01,55.767343749999995,42.646593749999994,50.86217857142857,48.80639285714285,49.52062723214286
2010,Jul,7,2010-07-01,54.973749999999995,37.250156249999996,45.27427083333333,44.3925,45.472669270833336
2010,Aug,8,2010-08-01,59.89403125,42.22334375,33.14110416666667,52.222624999999994,46.87027604166666
2010,Sep,9,2010-09-01,75.28975,38.943156249999994,53.734232142857145,38.34607142857142,51.57830245535713
2010,Oct,10,2010-10-01,56.98418749999999,32.8589375,34.808910714285716,34.26473214285714,39.72919196428571
2010,Nov,11,2010-11-01,53.91562499999999,34.446125,43.062285714285714,38.13444642857142,42.389620535714286
2010,Dec,12,2010-12-01,,,,,38.8299
2011,Jan,1,2011-01-01,40.53034374999999,17.939375,30.697339285714285,16.578928571428573,26.436496651785713
2011,Feb,2,2011-02-01,36.773999999999994,18.362624999999998,23.834642857142857,15.460339285714285,23.607901785714283
2011,Mar,3,2011-03-01,28.2031875,17.8335625,33.50892857142857,16.03475,23.895107142857142
2011,Apr,4,2011-04-01,24.182312500000002,26.13984375,21.02305357142857,29.790375,25.28389620535714
2011,May,5,2011-05-01,22.542218750000004,33.81125,18.392857142857142,45.208767857142846,29.988773437499997
2011,Jun,6,2011-06-01,59.36496875,15.876031249999999,39.978607142857136,15.490571428571428,32.67754464285714
2011,Jul,7,2011-07-01,35.080999999999996,24.764281249999996,21.17421428571428,19.662607142857144,25.170525669642853
2011,Aug,8,2011-08-01,39.8425625,25.4520625,16.070020833333334,22.020714285714284,25.846340029761905
2011,Sep,9,2011-09-01,49.20696875,30.213625,30.75780357142857,43.15298214285714,38.332844866071426
2011,Oct,10,2011-10-01,43.969249999999995,35.50425,27.34157142857143,23.592785714285714,32.60196428571429
2011,Nov,11,2011-11-01,53.492374999999996,37.77921875,34.7635625,46.381775000000005,43.1042328125
2011,Dec,12,2011-12-02,,,,,88.007
2012,Jan,1,2012-01-01,116.06283333333333,71.79793749999999,97.26347916666668,73.92930357142856,89.76338839285714
2012,Feb,2,2012-02-01,,61.11087499999999,46.01495833333333,50.43892857142857,52.521587301587296
2012,Mar,3,2012-03-01,55.608624999999996,44.127968749999994,42.80531249999999,33.05544642857142,43.89933816964285
2012,Apr,4,2012-04-01,54.4446875,46.826187499999996,34.446124999999995,34.869375,42.646593749999994
2012,May,5,2012-05-01,66.18987499999999,42.38206249999999,42.770041666666664,60.62716071428571,52.99228497023809
2012,Jun,6,2012-06-01,69.36425,42.540781249999995,35.50425,47.23432142857142,48.66090066964286
2012,Jul,7,2012-07-01,77.9350625,48.9424375,36.70345833333334,55.880714285714284,54.865418154761905
2012,Aug,8,2012-08-01,93.277875,48.413374999999995,40.23054166666666,52.404017857142854,58.58145238095238
2012,Sep,9,2012-09-01,79.09899999999999,39.3135,38.502270833333334,41.066964285714285,49.4954337797619
2012,Oct,10,2012-10-01,77.406,29.649291666666667,55.679166666666674,40.85533928571427,50.89744940476191
2012,Nov,11,2012-11-01,64.073625,42.43496875,47.566875,52.61564285714286,51.67277790178572
2012,Dec,12,2012-12-01,47.143625,46.45584375,48.166479166666655,52.283089285714276,48.51225930059523
2013,Jan,1,2013-01-01,63.227124999999994,37.03853125,41.182854166666665,49.98544642857143,47.858489211309525
2013,Feb,2,2013-02-01,52.011,32.59440625,35.68060416666666,36.743767857142856,39.257444568452385
2013,Mar,3,2013-03-01,49.048249999999996,25.557875000000003,25.487333333333336,29.850839285714283,32.4860744047619
2013,Apr,4,2013-04-01,72.115375,46.66746875,27.674125,49.04825,48.876304687499996
2013,May,5,2013-05-01,94.124375,59.94693749999999,53.5347,62.86433928571429,67.61758794642856
2013,Jun,6,2013-06-01,,36.70345833333334,52.64587499999999,46.47851785714287,45.2759503968254
2013,Jul,7,2013-07-01,,23.7590625,26.0869375,26.28344642857143,25.376482142857146
2013,Aug,8,2013-08-01,,43.49309375,37.47941666666667,53.12958928571428,44.700699900793644
2013,Sep,9,2013-09-01,,39.04896875,46.36766666666667,42.45764285714285,42.62475942460318
2013,Oct,10,2013-10-01,,40.6890625,40.6890625,37.469339285714284,39.61582142857143
2013,Nov,11,2013-11-01,,45.7680625,34.551937499999994,50.499392857142844,43.60646428571428
2013,Dec,12,2013-12-01,,41.641375,53.66872916666666,50.43892857142856,48.583010912698406
2014,Jan,1,2014-01-01,,22.595125,29.896187499999996,33.035291666666666,28.508868055555553
2014,Feb,2,2014-02-01,,20.161437499999998,23.23,24.802071428571427,22.73116964285714
2014,Mar,3,2014-03-01,41.42975,21.11375,23.60034375,24.993541666666673,27.78434635416667
2014,Apr,4,2014-04-01,51.376124999999995,28.520625000000003,31.88311111111111,40.95947222222222,38.18483333333333
2014,May,5,2014-05-01,32.753125,19.738187500000002,22.75972222222222,24.970027777777776,25.055265624999997
2014,Jun,6,2014-06-01,38.46699999999999,20.761041666666667,22.80675,21.983763888888888,26.004638888888884
2014,Jul,7,2014-07-01,29.790375,16.563812499999997,16.57556944444444,19.09155555555556,20.505328125
2014,Aug,8,2014-08-01,28.943875,17.72775,15.637953124999997,14.318236111111112,19.156953559027777
2014,Sep,9,2014-09-01,40.58324999999999,14.60628125,17.4103125,18.494890625,22.773683593749997
2014,Oct,10,2014-10-01,,17.86,19.89690625,19.844000000000005,19.200302083333337
2014,Nov,11,2014-11-01,48.625,15.03,16.740166666666667,14.67094444444444,23.766527777777778
2014,Dec,12,2014-12-01,55.820249999999994,18.4684375,17.1986875,19.473656249999998,27.740257812499998
2015,Jan,1,2015-01-01,,28.012725,14.500468750000001,12.88388888888889,18.465694212962962
2015,Feb,2,2015-02-01,23.65325,28.520625000000003,12.883888888888889,12.954430555555554,19.50304861111111
2015,Mar,3,2015-03-01,30.213625,40.202325,13.44234375,14.506347222222221,24.591160243055555
2015,Apr,4,2015-04-01,24.076500000000003,11.9080625,12.040328124999998,12.860375,15.221316406249999
2015,May,5,2015-05-01,,85.659375,17.965828125,32.635555555555555,45.42025289351852
2015,Jun,6,2015-06-01,,52.899825,22.01315625,15.423388888888887,30.112123379629633
2015,Jul,7,2015-07-01,,15.849578125,,15.426328125000003,15.637953125000003
2015,Aug,8,2015-08-01,36.63291666666667,63.77735000000001,15.6115,13.918499999999998,32.48506666666667
2015,Sep,9,2015-09-01,31.624458333333326,35.75114583333334,12.992640625,12.719291666666667,23.27188411458333
2015,Oct,10,2015-10-01,29.860916666666665,23.90014583333333,11.722890625,9.709513888888889,18.798366753472223
2015,Nov,11,2015-11-01,20.408333333333335,32.057785714285714,9.500828125,10.188609374999999,18.03888913690476
2015,Dec,12,2015-12-01,63.650375,54.03655357142857,29.578749999999996,38.70213888888888,46.491954365079366
2016,Jan,1,2016-01-01,65.90770833333333,94.21507142857142,34.49903125,44.792236111111116,59.85351178075397
2016,Feb,2,2016-02-01,60.98389999999999,99.74755357142855,30.9543125,42.911125,58.64922276785713
2016,Mar,3,2016-03-01,73.63907499999999,72.62932142857143,20.293703124999997,26.028152777777777,48.147563082837294
2016,Apr,4,2016-04-01,47.35525,60.44576785714286,24.45272222222222,18.033430555555555,37.57179265873015
2016,May,5,2016-05-01,44.858075,105.94514285714286,34.14044444444445,30.02551388888888,53.74229404761904
2016,Jun,6,2016-06-01,71.48049999999999,97.60107142857143,32.329875,34.70477777777778,59.029056051587304
2016,Jul,7,2016-07-01,68.13682500000002,84.20823214285713,30.801472222222223,24.975906249999998,52.030608903769846
2016,Aug,8,2016-08-01,61.534124999999996,63.58991071428572,31.459861111111106,30.001999999999995,46.64647420634921
2016,Sep,9,2016-09-01,52.518899999999995,68.21542857142857,25.557875,21.184291666666663,41.869123809523806
2016,Oct,10,2016-10-01,44.51947499999999,53.643535714285726,18.12748611111111,16.50502777777778,33.19888115079365
2016,Nov,11,2016-11-01,36.82690624999999,48.89708928571428,13.307138888888888,13.354166666666664,28.096325272817452
2016,Dec,12,2016-12-01,40.498599999999996,47.68780357142857,23.65325,34.04638888888889,36.47151061507937
2017,Jan,1,2017-01-01,27.377850000000002,33.841482142857146,16.246375,18.92695833333333,24.09816636904762
2017,Feb,2,2017-02-01,24.923,29.004339285714284,17.445583333333335,20.220222222222226,22.89828621031746
2017,Mar,3,2017-03-01,26.2774,30.546178571428573,16.83422222222222,18.621277777777774,23.069769642857143
2017,Apr,4,2017-04-01,22.002575,27.855517857142853,15.893666666666668,12.38421875,19.53399456845238
2017,May,5,2017-05-01,42.10695,40.85533928571429,25.88706944444444,24.47623611111111,33.33139871031746
2017,Jun,6,2017-06-01,41.38742499999999,39.43442857142857,23.159458333333333,17.60682142857143,30.397033333333333
2017,Jul,7,2017-07-01,35.7582,32.93451785714286,21.184291666666663,14.670944444444444,26.136988492063495
2017,Aug,8,2017-08-01,33.00707499999999,29.518285714285714,17.516125,16.03475,24.01905892857143
2017,Sep,9,2017-09-01,35.16564999999999,30.42525,19.091555555555555,18.903444444444442,25.896475
2017,Oct,10,2017-10-01,32.7108,24.439285714285713,19.53831944444444,11.908062499999998,22.149116914682537
2017,Nov,11,2017-11-01,56.624424999999995,51.16449999999999,25.934097222222217,22.436406249999997,39.03985711805555
2017,Dec,12,2017-12-01,87.2254,86.29425,39.19593055555556,37.97320833333333,62.67219722222222
2018,Jan,1,2018-01-01,57.724875,57.27139285714286,27.674124999999997,24.288124999999997,41.73962946428571
2018,Feb,2,2018-02-01,40.498599999999996,41.127428571428574,23.135944444444444,18.151,30.728243253968255
2018,Mar,3,2018-03-01,41.048824999999994,29.306660714285716,24.217583333333334,16.152319444444444,27.681347123015872
2018,Apr,4,2018-04-01,56.031875,86.53610714285715,32.61204166666667,47.237680555555556,55.60442609126984
2018,May,5,2018-05-01,113.46690000000001,95.72667857142856,72.16240277777779,73.24404166666667,88.65000575396826
2018,Jun,6,2018-06-01,170.56332500000002,135.05869642857144,92.19623611111112,83.63718055555555,120.36385952380954
2018,Jul,7,2018-07-01,162.35227500000002,173.72560714285714,81.87363888888889,93.37193055555556,127.83086289682541
2018,Aug,8,2018-08-01,105.0019,109.5125357142857,68.37666666666668,67.29502777777778,87.54653253968253
2018,Sep,9,2018-09-01,101.7852,73.29442857142858,52.62236111111111,47.09659722222222,68.69964672619048
2018,Oct,10,2018-10-01,90.06117499999999,53.069125,41.61786111111111,39.407555555555554,56.038929166666655
2018,Nov,11,2018-11-01,54.65631249999999,62.74341071428572,31.83608333333333,39.83080555555555,47.266653025793644
2018,Dec,12,2018-12-01,85.19380000000001,53.22028571428571,37.88503125,34.68798214285714,52.74677477678571
2019,Jan,1,2019-01-01,99.75359999999998,57.86595833333333,50.238640625,49.259875,64.27951848958334
2019,Feb,2,2019-02-01,80.07247499999998,64.46160416666666,31.404015624999996,33.92881944444444,52.46672855902777
2019,Mar,3,2019-03-01,77.5753,60.158562499999995,33.255734375,30.70741666666667,50.42425338541666
2019,Apr,4,2019-04-01,61.6611,42.45260416666667,26.536640624999997,24.758402777777775,38.85218689236111
2019,May,5,2019-05-01,81.934775,50.17691666666666,43.122749999999996,33.90530555555555,52.28493680555555
2019,Jun,6,2019-06-01,130.015975,46.33239583333333,42.91112499999999,44.34547222222222,65.90124201388889
2019,Jul,7,2019-07-01,168.91265,66.22514583333333,53.75690625,38.960791666666665,81.96387343750001
2019,Aug,8,2019-08-01,133.52894999999998,68.941,62.19251388888889,41.09114999999999,76.4384034722222
2019,Sep,9,2019-09-01,192.95325000000003,61.8515625,69.85804166666668,36.44480555555556,90.27691493055556
2019,Oct,10,2019-10-01,126.92625000000001,61.18141666666666,35.45722222222222,37.314819444444446,65.21992708333333
2019,Nov,11,2019-11-01,163.49505000000002,114.40510416666666,44.41601388888889,54.526986111111114,94.21078854166666
2019,Dec,12,2019-12-01,141.48605,112.39466666666665,71.85672222222223,6.3,83.00935972222223
2020,Jan,1,2020-01-01,148.21572500000002,79.69860416666667,102.245484375,46.9084861111111,94.26707491319445
2020,Feb,2,2020-02-01,193.2072,77.26491666666668,75.713,65.01418055555555,102.79982430555555
2020,Mar,3,2020-03-01,140.75241666666668,55.25591666666667,60.476,39.30844004922644,73.94819334563994
2020,Apr,4,2020-04-01,85.320775,45.52116666666666,52.90452777777778,39.525125,55.81789861111111
2020,May,5,2020-05-01,184.59406249999998,77.65289583333335,91.98167187500002,70.23426388888889,106.11572352430557
2020,Jun,6,2020-06-01,180.679,95.64102083333334,108.7265,57.67784722222221,110.68109201388889
2020,Jul,7,2020-07-01,185.7932708333333,77.65289583333332,109.52597222222224,50.764763888888886,105.93422569444442
2020,Aug,8,2020-08-01,140.08227083333333,69.2584375,103.19779687500001,46.837944444444446,89.84411241319444
2020,Sep,9,2020-09-01,189.81414583333333,82.16756250000002,90.90297222222222,38.98430555555555,100.46724652777777
2020,Oct,10,2020-10-01,124.47139999999999,72.39754166666667,65.53148611111111,31.271749999999997,73.41804444444445
2020,Nov,11,2020-11-01,183.95918749999998,85.05977083333333,80.88605555555554,61.34601388888888,102.81275694444444
2020,Dec,12,2020-12-01,,,,,
